{
  "elapsed_s": 6140.222041130066,
  "measurements": [
    {
      "step": 200,
      "eval_a": 7.843494462966919,
      "eval_b": 7.836533164978027,
      "train_a": 7.750538110733032,
      "train_b": 7.750387072563171,
      "cosines_a": {
        "iter0_apply_cos": -0.406602,
        "iter0_apply_expansion": 1.122964,
        "iter0_parse_cos": -0.625883,
        "iter0_parse_expansion": 1.358988,
        "iter0_type_cos": -0.653326,
        "iter0_type_expansion": 1.64156,
        "iter1_apply_cos": -0.578986,
        "iter1_apply_expansion": 1.302885,
        "iter1_parse_cos": -0.756179,
        "iter1_parse_expansion": 1.597138,
        "iter1_type_cos": -0.756843,
        "iter1_type_expansion": 1.807223,
        "output_norm": 39.59882,
        "embed_norm": 0.388893
      },
      "cosines_b": {
        "iter0_apply_cos": -0.413214,
        "iter0_apply_expansion": 1.113086,
        "iter0_parse_cos": -0.549,
        "iter0_parse_expansion": 1.306248,
        "iter0_type_cos": -0.511072,
        "iter0_type_expansion": 1.559856,
        "iter1_apply_cos": -0.478503,
        "iter1_apply_expansion": 1.631796,
        "iter1_parse_cos": -0.553254,
        "iter1_parse_expansion": 2.23774,
        "iter1_type_cos": -0.61332,
        "iter1_type_expansion": 3.134465,
        "register_final_norm": 20.749291,
        "output_norm": 44.265842,
        "embed_norm": 0.388764
      }
    },
    {
      "step": 400,
      "eval_a": 6.9823955535888675,
      "eval_b": 6.994100093841553,
      "train_a": 6.707278370857239,
      "train_b": 6.716313004493713,
      "cosines_a": {
        "iter0_apply_cos": -0.474084,
        "iter0_apply_expansion": 1.279907,
        "iter0_parse_cos": -0.485279,
        "iter0_parse_expansion": 1.376336,
        "iter0_type_cos": -0.43844,
        "iter0_type_expansion": 1.276617,
        "iter1_apply_cos": -0.327958,
        "iter1_apply_expansion": 1.282728,
        "iter1_parse_cos": -0.446987,
        "iter1_parse_expansion": 1.233205,
        "iter1_type_cos": -0.461324,
        "iter1_type_expansion": 1.200846,
        "output_norm": 34.59749,
        "embed_norm": 0.495975
      },
      "cosines_b": {
        "iter0_apply_cos": -0.462084,
        "iter0_apply_expansion": 1.242227,
        "iter0_parse_cos": -0.448584,
        "iter0_parse_expansion": 1.306667,
        "iter0_type_cos": -0.433992,
        "iter0_type_expansion": 1.236437,
        "iter1_apply_cos": -0.338533,
        "iter1_apply_expansion": 1.305561,
        "iter1_parse_cos": -0.390124,
        "iter1_parse_expansion": 1.32972,
        "iter1_type_cos": -0.403394,
        "iter1_type_expansion": 1.333694,
        "register_final_norm": 5.388673,
        "output_norm": 35.167443,
        "embed_norm": 0.495168
      }
    },
    {
      "step": 600,
      "eval_a": 6.64344630241394,
      "eval_b": 6.650048494338989,
      "train_a": 6.419610619544983,
      "train_b": 6.4180907011032104,
      "cosines_a": {
        "iter0_apply_cos": -0.506797,
        "iter0_apply_expansion": 1.479767,
        "iter0_parse_cos": -0.41819,
        "iter0_parse_expansion": 1.390543,
        "iter0_type_cos": -0.337974,
        "iter0_type_expansion": 1.16065,
        "iter1_apply_cos": -0.239621,
        "iter1_apply_expansion": 1.277538,
        "iter1_parse_cos": -0.22291,
        "iter1_parse_expansion": 1.131485,
        "iter1_type_cos": -0.311031,
        "iter1_type_expansion": 1.081606,
        "output_norm": 37.112598,
        "embed_norm": 0.588019
      },
      "cosines_b": {
        "iter0_apply_cos": -0.491296,
        "iter0_apply_expansion": 1.440928,
        "iter0_parse_cos": -0.38561,
        "iter0_parse_expansion": 1.338155,
        "iter0_type_cos": -0.337227,
        "iter0_type_expansion": 1.140823,
        "iter1_apply_cos": -0.249051,
        "iter1_apply_expansion": 1.270571,
        "iter1_parse_cos": -0.228904,
        "iter1_parse_expansion": 1.145066,
        "iter1_type_cos": -0.345825,
        "iter1_type_expansion": 1.102268,
        "register_final_norm": 3.058084,
        "output_norm": 37.648169,
        "embed_norm": 0.587897
      }
    },
    {
      "step": 800,
      "eval_a": 6.4415106773376465,
      "eval_b": 6.44811429977417,
      "train_a": 6.0019179582595825,
      "train_b": 6.012681365013123,
      "cosines_a": {
        "iter0_apply_cos": -0.45508,
        "iter0_apply_expansion": 1.567545,
        "iter0_parse_cos": -0.32569,
        "iter0_parse_expansion": 1.333354,
        "iter0_type_cos": -0.272536,
        "iter0_type_expansion": 1.123775,
        "iter1_apply_cos": -0.18806,
        "iter1_apply_expansion": 1.290192,
        "iter1_parse_cos": -0.143535,
        "iter1_parse_expansion": 1.1044,
        "iter1_type_cos": -0.238712,
        "iter1_type_expansion": 1.065558,
        "output_norm": 36.373512,
        "embed_norm": 0.650491
      },
      "cosines_b": {
        "iter0_apply_cos": -0.44932,
        "iter0_apply_expansion": 1.525119,
        "iter0_parse_cos": -0.312022,
        "iter0_parse_expansion": 1.295438,
        "iter0_type_cos": -0.278914,
        "iter0_type_expansion": 1.115094,
        "iter1_apply_cos": -0.203667,
        "iter1_apply_expansion": 1.27785,
        "iter1_parse_cos": -0.160759,
        "iter1_parse_expansion": 1.116804,
        "iter1_type_cos": -0.27512,
        "iter1_type_expansion": 1.074155,
        "register_final_norm": 2.339186,
        "output_norm": 37.535003,
        "embed_norm": 0.651058
      }
    },
    {
      "step": 1000,
      "eval_a": 6.3022631168365475,
      "eval_b": 6.298701667785645,
      "train_a": 6.101984977722168,
      "train_b": 6.105455279350281,
      "cosines_a": {
        "iter0_apply_cos": -0.40386,
        "iter0_apply_expansion": 1.548696,
        "iter0_parse_cos": -0.280433,
        "iter0_parse_expansion": 1.299555,
        "iter0_type_cos": -0.249485,
        "iter0_type_expansion": 1.121935,
        "iter1_apply_cos": -0.162315,
        "iter1_apply_expansion": 1.272601,
        "iter1_parse_cos": -0.122635,
        "iter1_parse_expansion": 1.097318,
        "iter1_type_cos": -0.228202,
        "iter1_type_expansion": 1.070153,
        "output_norm": 35.167355,
        "embed_norm": 0.690781
      },
      "cosines_b": {
        "iter0_apply_cos": -0.402586,
        "iter0_apply_expansion": 1.520443,
        "iter0_parse_cos": -0.278004,
        "iter0_parse_expansion": 1.283767,
        "iter0_type_cos": -0.264023,
        "iter0_type_expansion": 1.119955,
        "iter1_apply_cos": -0.178803,
        "iter1_apply_expansion": 1.278824,
        "iter1_parse_cos": -0.12947,
        "iter1_parse_expansion": 1.114625,
        "iter1_type_cos": -0.258384,
        "iter1_type_expansion": 1.079459,
        "register_final_norm": 2.351604,
        "output_norm": 35.843828,
        "embed_norm": 0.691489
      }
    },
    {
      "step": 1200,
      "eval_a": 6.205512475967407,
      "eval_b": 6.21073350906372,
      "train_a": 5.844576358795166,
      "train_b": 5.84684956073761,
      "cosines_a": {
        "iter0_apply_cos": -0.383067,
        "iter0_apply_expansion": 1.520515,
        "iter0_parse_cos": -0.256993,
        "iter0_parse_expansion": 1.287531,
        "iter0_type_cos": -0.24303,
        "iter0_type_expansion": 1.12103,
        "iter1_apply_cos": -0.1484,
        "iter1_apply_expansion": 1.259483,
        "iter1_parse_cos": -0.110945,
        "iter1_parse_expansion": 1.093558,
        "iter1_type_cos": -0.239468,
        "iter1_type_expansion": 1.074281,
        "output_norm": 33.206762,
        "embed_norm": 0.716348
      },
      "cosines_b": {
        "iter0_apply_cos": -0.378132,
        "iter0_apply_expansion": 1.500422,
        "iter0_parse_cos": -0.26049,
        "iter0_parse_expansion": 1.273392,
        "iter0_type_cos": -0.250162,
        "iter0_type_expansion": 1.118028,
        "iter1_apply_cos": -0.157774,
        "iter1_apply_expansion": 1.269261,
        "iter1_parse_cos": -0.120282,