{
  "l24_h0": {
    "q_shape": [
      80,
      2560
    ],
    "q_rank_90": 65,
    "q_rank_95": 71,
    "q_top_sv_ratio": 0.04758754372596741,
    "q_centroid_dist": 110.41580963134766,
    "q_cohens_d_pc1": 183.0640106201172,
    "raw_cohens_d_pc1": 175.45411682128906,
    "q_amplification": 1.0433725576617805
  },
  "l1_h0": {
    "q_centroid_dist_at_l1": 2.9956986904144287
  }
}