{
  "layer_invariance": {
    "0": {
      "mean": 0.9599913469162481,
      "min": 0.8559040427207947,
      "n": 232
    },
    "2": {
      "mean": 0.9376503604239431,
      "min": 0.803114652633667,
      "n": 232
    },
    "4": {
      "mean": 0.9019268532765323,
      "min": 0.6774079203605652,
      "n": 232
    },
    "6": {
      "mean": 0.8605442489015644,
      "min": 0.5934197306632996,
      "n": 232
    },
    "8": {
      "mean": 0.8794233757874061,
      "min": 0.6665804982185364,
      "n": 232
    },
    "10": {
      "mean": 0.8152367197747888,
      "min": 0.5788463354110718,
      "n": 232
    },
    "12": {
      "mean": 0.711923838047118,
      "min": 0.42083239555358887,
      "n": 232
    },
    "14": {
      "mean": 0.7222942437591224,
      "min": 0.432487815618515,
      "n": 232
    },
    "16": {
      "mean": 0.7219795704144856,
      "min": 0.43828487396240234,
      "n": 232
    },
    "18": {
      "mean": 0.7096445447412031,
      "min": 0.43149441480636597,
      "n": 232
    },
    "20": {
      "mean": 0.6995541574112301,
      "min": 0.43017634749412537,
      "n": 232
    },
    "22": {
      "mean": 0.6444328008540745,
      "min": 0.40013182163238525,
      "n": 232
    },
    "24": {
      "mean": 0.5893211348046516,
      "min": 0.37794291973114014,
      "n": 232
    },
    "26": {
      "mean": 0.5571869380515198,
      "min": 0.3220442831516266,
      "n": 232
    },
    "28": {
      "mean": 0.5048232930230683,
      "min": 0.25070756673812866,
      "n": 232
    },
    "30": {
      "mean": 0.47734991621611444,
      "min": 0.23560693860054016,
      "n": 232
    },
    "32": {
      "mean": 0.513788987978779,
      "min": 0.26865896582603455,
      "n": 232
    },
    "34": {
      "mean": 0.5267255556095263,
      "min": 0.24066291749477386,
      "n": 232
    },
    "36": {
      "mean": 0.503407566968737,
      "min": 0.2530609667301178,
      "n": 232
    },
    "38": {
      "mean": 0.5625431283280767,
      "min": 0.2634032964706421,
      "n": 232
    },
    "40": {
      "mean": 0.5975027817205109,
      "min": 0.23199264705181122,
      "n": 232
    },
    "42": {
      "mean": 0.6202059876302193,
      "min": 0.26087406277656555,
      "n": 232
    },
    "44": {
      "mean": 0.6793833473889992,
      "min": 0.4144189953804016,
      "n": 232
    },
    "46": {
      "mean": 0.665531776331622,
      "min": 0.28902655839920044,
      "n": 232
    },
    "48": {
      "mean": 0.6676311085707155,
      "min": 0.2662973999977112,
      "n": 232
    },
    "50": {
      "mean": 0.6823815428491297,
      "min": 0.3403313457965851,
      "n": 232
    },
    "52": {
      "mean": 0.6618315858830666,
      "min": 0.4063110053539276,
      "n": 232
    },
    "54": {
      "mean": 0.6273215825444666,
      "min": 0.35473984479904175,
      "n": 232
    },
    "56": {
      "mean": 0.6162517452291374,
      "min": 0.3121093809604645,
      "n": 232
    },
    "58": {
      "mean": 0.6049056410275656,
      "min": 0.26724857091903687,
      "n": 232
    },
    "60": {
      "mean": 0.6314512130258412,
      "min": 0.28272032737731934,
      "n": 232
    },
    "62": {
      "mean": 0.7401388900290276,
      "min": 0.4448237419128418,
      "n": 232
    }
  },
  "per_word_scores": {
    "numbers": {
      "0": {
        "mean": 0.9554026850632259,
        "min": 0.9028505682945251,
        "n_frames": 8
      },
      "16": {
        "mean": 0.7168857902288437,
        "min": 0.5804647207260132,
        "n_frames": 8
      },
      "24": {
        "mean": 0.58140215916293,
        "min": 0.4368743300437927,
        "n_frames": 8
      },
      "28": {
        "mean": 0.494158220078264,
        "min": 0.343404084444046,
        "n_frames": 8
      },
      "32": {
        "mean": 0.4631566288215773,
        "min": 0.36110809445381165,
        "n_frames": 8
      },
      "37": {
        "mean": 0.4523423654692514,
        "min": 0.37580469250679016,
        "n_frames": 8
      },
      "48": {
        "mean": 0.6202321158988136,
        "min": 0.517983078956604,
        "n_frames": 8
      },
      "62": {
        "mean": 0.6558473205992154,
        "min": 0.4448237419128418,
        "n_frames": 8
      }
    },
    "results": {
      "0": {
        "mean": 0.9699114688805172,
        "min": 0.9588242769241333,
        "n_frames": 8
      },
      "16": {
        "mean": 0.7480446291821343,
        "min": 0.6243662238121033,
        "n_frames": 8
      },
      "24": {
        "mean": 0.6052073538303375,
        "min": 0.4753960371017456,
        "n_frames": 8
      },
      "28": {
        "mean": 0.5551726743578911,
        "min": 0.3622537851333618,
        "n_frames": 8
      },
      "32": {
        "mean": 0.5458755482520375,
        "min": 0.4119647443294525,
        "n_frames": 8
      },
      "37": {
        "mean": 0.5679612447108541,
        "min": 0.4232965409755707,
        "n_frames": 8
      },
      "48": {
        "mean": 0.7404465866940362,
        "min": 0.6266878247261047,
        "n_frames": 8
      },
      "62": {
        "mean": 0.8167641035148075,
        "min": 0.6966759562492371,
        "n_frames": 8
      }
    },
    "data": {
      "0": {
        "mean": 0.9701126622302192,
        "min": 0.9588674902915955,
        "n_frames": 8
      },
      "16": {
        "mean": 0.7935850300959179,
        "min": 0.7483000755310059,
        "n_frames": 8
      },
      "24": {
        "mean": 0.6402152734143394,
        "min": 0.4989176392555237,
        "n_frames": 8
      },
      "28": {
        "mean": 0.5656658059784344,
        "min": 0.4085696339607239,
        "n_frames": 8
      },
      "32": {
        "mean": 0.5135171605007989,
        "min": 0.41780635714530945,
        "n_frames": 8
      },
      "37": {
        "mean": 0.5513093109641757,
        "min": 0.4228634238243103,
        "n_frames": 8
      },
      "48": {
        "mean": 0.741069067801748,
        "min": 0.6318120360374451,
        "n_frames": 8
      },
      "62": {
        "mean": 0.8335966042109898,
        "min": 0.7009848356246948,
        "n_frames": 8
      }
    },
    "exceeds": {
      "0": {
        "mean": 0.9239929000536601,
        "min": 0.8559040427207947,
        "n_frames": 6
      },
      "16": {
        "mean": 0.7056606849034627,
        "min": 0.6496245861053467,
        "n_frames": 6
      },
      "24": {
        "mean": 0.5804705500602723,
        "min": 0.5128622651100159,
        "n_frames": 6
      },
      "28": {
        "mean": 0.5290690998236338,
        "min": 0.45503512024879456,
        "n_frames": 6
      },
      "32": {
        "mean": 0.5506811062494914,
        "min": 0.4964600205421448,
        "n_frames": 6
      },
      "37": {
        "mean": 0.5740689476331075,
        "min": 0.5186854004859924,
        "n_frames": 6
      },
      "48": {
        "mean": 0.7130874832471211,
        "min": 0.6423829793930054,
        "n_frames": 6
      },
      "62": {
        "mean": 0.7960900108019511,
        "min": 0.7055750489234924,
        "n_frames": 6
      }
    },
    "contains": {
      "0": {
        "mean": 0.9483102520306905,
        "min": 0.9169805645942688,
        "n_frames": 6
      },
      "16": {
        "mean": 0.5756477177143097,
        "min": 0.43828487396240234,
        "n_frames": 6
      },
      "24": {
        "mean": 0.49023560086886087,
        "min": 0.37794291973114014,
        "n_frames": 6
      },
      "28": {
        "mean": 0.453285950422287,
        "min": 0.32111188769340515,
        "n_frames": 6
      },
      "32": {
        "mean": 0.465809690952301,
        "min": 0.35255441069602966,
        "n_frames": 6
      },
      "37": {
        "mean": 0.4632320423920949,
        "min": 0.3588387370109558,
        "n_frames": 6
      },
      "48": {
        "mean": 0.6555639306704203,
        "min": 0.501776397228241,
        "n_frames": 6
      },
      "62": {
        "mean": 0.7972684701283773,