{
  "timestamp": "2026-04-17T20:02:25.687649+00:00",
  "elapsed_s": 358.9394109249115,
  "model": "EleutherAI/pythia-160m-deduped",
  "n_params": 162322944,
  "n_layers": 12,
  "n_heads": 12,
  "critical_layers": [
    0,
    3
  ],
  "essential_heads": [],
  "layer_survival": [
    0.0,
    6.0,
    6.0,
    0.0,
    6.0,
    5.0,
    6.0,
    6.0,
    6.0,
    6.0,
    6.0,
    6.0
  ],
  "head_survival": [
    [
      6.0,
      6.0,
      6.0,
      6.0,
      6.0,
      6.0,
      6.0,
      6.0,
      6.0,
      6.0,
      6.0,
      6.0
    ],
    [
      6.0,
      6.0,
      6.0,
      6.0,
      6.0,
      6.0,
      6.0,
      6.0,
      6.0,
      6.0,
      6.0,
      6.0
    ],
    [
      6.0,
      6.0,
      6.0,
      6.0,
      6.0,
      6.0,
      6.0,
      6.0,
      6.0,
      6.0,
      6.0,
      6.0
    ],
    [
      6.0,
      6.0,
      6.0,
      6.0,
      6.0,
      6.0,
      6.0,
      6.0,
      6.0,
      6.0,
      6.0,
      6.0
    ],
    [
      6.0,
      6.0,
      6.0,
      6.0,
      6.0,
      6.0,
      6.0,
      6.0,
      6.0,
      6.0,
      6.0,
      6.0
    ],
    [
      6.0,
      6.0,
      6.0,
      6.0,
      6.0,
      6.0,
      6.0,
      6.0,
      6.0,
      6.0,
      6.0,
      6.0
    ],
    [
      6.0,
      6.0,
      6.0,
      6.0,
      6.0,
      6.0,
      6.0,
      6.0,
      6.0,
      6.0,
      6.0,
      6.0
    ],
    [
      6.0,
      6.0,
      6.0,
      6.0,
      6.0,
      6.0,
      6.0,
      6.0,
      6.0,
      6.0,
      6.0,
      6.0
    ],
    [
      6.0,
      6.0,
      6.0,
      6.0,
      6.0,
      6.0,
      6.0,
      6.0,
      6.0,
      6.0,
      6.0,
      6.0
    ],
    [
      6.0,
      6.0,
      6.0,
      6.0,
      6.0,
      6.0,
      6.0,
      6.0,
      6.0,
      6.0,
      6.0,
      6.0
    ],
    [
      6.0,
      6.0,
      6.0,
      6.0,
      6.0,
      6.0,
      6.0,
      6.0,
      6.0,
      6.0,
      6.0,
      6.0
    ],
    [
      6.0,
      6.0,
      6.0,
      6.0,
      6.0,
      6.0,
      6.0,
      6.0,
      6.0,
      6.0,
      6.0,
      6.0
    ]
  ],
  "top_selective_heads": [
    {
      "layer": 9,
      "head": 8,
      "selectivity": 0.45249414443969727
    },
    {
      "layer": 8,
      "head": 3,
      "selectivity": 0.4430788457393646
    },
    {
      "layer": 9,
      "head": 11,
      "selectivity": 0.38796067237854004
    },
    {
      "layer": 11,
      "head": 9,
      "selectivity": 0.37561824917793274
    },
    {
      "layer": 11,
      "head": 11,
      "selectivity": 0.3506905138492584
    },
    {
      "layer": 8,
      "head": 7,
      "selectivity": 0.34915587306022644
    },
    {
      "layer": 11,
      "head": 10,
      "selectivity": 0.34671148657798767
    },
    {
      "layer": 11,
      "head": 1,
      "selectivity": 0.33745670318603516
    },
    {
      "layer": 8,
      "head": 1,
      "selectivity": 0.33192870020866394
    },
    {
      "layer": 1,
      "head": 6,
      "selectivity": 0.3311755359172821
    },
    {
      "layer": 8,
      "head": 6,
      "selectivity": 0.3295647203922272
    },
    {
      "layer": 8,
      "head": 8,
      "selectivity": 0.3288847506046295
    },
    {
      "layer": 8,
      "head": 11,
      "selectivity": 0.32497167587280273
    },
    {
      "layer": 1,
      "head": 1,
      "selectivity": 0.3170187175273895
    },
    {
      "layer": 1,
      "head": 10,
      "selectivity": 0.3154371976852417
    },
    {
      "layer": 9,
      "head": 3,
      "selectivity": 0.31295159459114075
    },
    {
      "layer": 8,
      "head": 4,
      "selectivity": 0.31098487973213196
    },
    {
      "layer": 11,
      "head": 2,
      "selectivity": 0.3107440173625946
    },
    {
      "layer": 11,
      "head": 4,
      "selectivity": 0.3090786933898926
    },
    {
      "layer": 10,
      "head": 3,
      "selectivity": 0.3077452778816223
    }
  ]
}