{
  "timestamp": "2026-04-17T20:18:37.871395+00:00",
  "elapsed_s": 14.167806148529053,
  "model": "EleutherAI/pythia-160m-deduped",
  "n_sentences": 35,
  "n_labeled_tokens": 160,
  "label_counts": {
    "DET": 25,
    "ENTITY": 45,
    "PRED": 31,
    "FUNC": 39,
    "REL": 7,
    "QUANT": 6,
    "MOD": 5,
    "CONN": 4
  },
  "layer_accuracies": {
    "-1": {
      "mean": 0.84375,
      "std": 0.03423265984407288
    },
    "0": {
      "mean": 0.93125,
      "std": 0.053764532919016415
    },
    "1": {
      "mean": 0.90625,
      "std": 0.07905694150420949
    },
    "2": {
      "mean": 0.90625,
      "std": 0.07905694150420949
    },
    "3": {
      "mean": 0.9125,
      "std": 0.08244316223920574
    },
    "4": {
      "mean": 0.9125,
      "std": 0.08244316223920574
    },
    "5": {
      "mean": 0.90625,
      "std": 0.07905694150420949
    },
    "6": {
      "mean": 0.9125,
      "std": 0.06959705453537528
    },
    "7": {
      "mean": 0.93125,
      "std": 0.06373774391990981
    },
    "8": {
      "mean": 0.93125,
      "std": 0.06059599821770412
    },
    "9": {
      "mean": 0.91875,
      "std": 0.06123724356957946
    },
    "10": {
      "mean": 0.91875,
      "std": 0.06123724356957946
    },
    "11": {
      "mean": 0.90625,
      "std": 0.07126096406869613
    }
  }
}