{
  "timestamp": "2026-04-17T16:15:05.258933+00:00",
  "elapsed_s": 7.239930868148804,
  "l24_compile_vs_decompile": {
    "best_d": 1.0000001192092896,
    "best_pc": 0,
    "centroid_dist": 4.130940914154053,
    "dims_90": 1,
    "dims_95": 1
  },
  "head_q": {
    "q_cohens_d": 0.9999998807907104,
    "raw_d": 1.0000001192092896,
    "amplification": 0.9999997615814493
  }
}